Identifier,Name,Downloaded,Risk
gomekmidlodglbbmalcneegieacbdmki,Avast Online Security & Privacy,6000000,Leak
lgblnfidahcdcjddiepkckcfdhpknnjh,Ad Blocker_ Stands AdBlocker,3000000,Leak
bkkbcggnhapdmkeljlodobbkopceiche,Pop up blocker for Chrome™ - Poper Blocker,2000000,Leak
fjnbnpbmkenffdnngjfgmeleoegfcffe,Stylish - Custom themes for any website,2000000,Leak
akdgnmcogleenhbclghghlkkdndkjdjc,SEOquake,1000000,Leak
eiimnmioipafcokbfikbljfdeojpcgbh,BlockSite Block Websites & Stay Focused,1000000,Leak
hoklmmgfnpapgjgcpechhaamimifchmp,Similarweb - Website Traffic & SEO Checker,1000000,Leak
njgehaondchbmjmajphnhlojfnbfokng,Video Downloader PLUS,1000000,Leak
nllcnknpjnininklegdoijpljgdjkijc,Wordtune_ AI Paraphrasing and Grammar Tool,1000000,Leak
bhmmomiinigofkjcapegjjndpbikblnp,WOT_ Website Security & Safety Checker,800000,Leak
edjkecefjhobekadlkdkopkggdefpgfp,Smarty,800000,Leak
aefehdhdciieocakfobpaaolhipkcpgc,Simple Allow Copy,700000,Leak
gbdjcgalliefpinpmggefbloehmmknca,Ad block & Adblocker - No Ads extension,700000,Leak
gjfpmkejnolcfklaaddjnckanhhgegla,Guardio Protection for Chrome,700000,Leak
jlgkpaicikihijadgifklkbpdajbkhjo,CrxMouse_ Mouse Gestures,700000,Leak
nbmoafcmbajniiapeidgficgifbfmjfo,AVG Online Security,600000,Leak
ojplmecpdpgccookcobabopnaifgidhf,Price History & Tracker_ Spend Lens_ Buyhatke,600000,Leak
jajikjbellknnfcomfjjinfjokihcfoi,Adblock for YouTube & Chrome - All Block,500000,Leak
bmhcbmnbenmcecpmpepghooflbehcack,Liner_ ChatGPT AI Copilot for Web&YouTube&PDF,400000,Leak
dgjbaljgolmlcmmklmmeafecikidmjpi,Adblock Ad Blocker Pro,400000,Leak
fofjcndophjadilglgimelemjkjblgpf,ZoomInfo Chrome Extension,400000,Leak
ihmgiclibbndffejedjimfjmfoabpcke,Mate Translate – translator_ dictionary,400000,Leak
jaembmdeobjibglbnnefpalabeohjpnj,Audio editor online Audacity,400000,Leak
pnedebpjhiaidlbbhmogocmffpdolnek,CouponBirds - SmartCoupon Coupon Finder,400000,Leak
fonalplhodhnenmokepaijoemaednpjm,Directo - Travel Deals - Save on Fees,300000,Leak
kiodaajmphnkcajieajajinghpejdjai,Popup Blocker Pro,300000,Leak
lnhnebkkgjmlgomfkkmkoaefbknopmja,ApkOnline APK manager for Android emulator,300000,Leak
mnoiedledcncagkonmmhbenokojeciib,Tesla Search,300000,Leak
necpbmbhhdiplmfhmjicabdeighkndkn,Similar Sites - Discover Related Websites,300000,Leak
nfadicbbecgbdbgbibgflooojfbolpgk,Pie Shopping_ Cash Back and Coupons,300000,Leak
nfmlkliedggdodlbgghmmchhgckjoaml,Spotify Ad Blocker - Blockify,300000,Leak
oeicpkgdngoghobnbjngekclpcmpgpij,EverBee - Find Best Selling Products on Etsy,300000,Leak
eagiakjmjnblliacokhcalebgnhellfi,Clean Master_ the best Chrome Cache Cleaner,200000,Leak
gcfcpohokifjldeandkfjoboemihipmb,Undetectable AdBlocker,200000,Leak
lngfncacljheahfpahadgipefkbagpdl,UltraWide Video,200000,Leak
omebobahbkampglebglkoagddjnjbhle,Gimp online - image editor and paint tool,200000,Leak
aadbahhifnekkkcbapdfandpimaoacmj,AliPrice Search by image for China import,100000,Leak
bchkdkhfodkkpohjhabdgfhpgjkkgfhg,AnswerAI - Homework AI Tutor & Study Helper,100000,Leak
bincmiainjofjnhchmcalkanjebghoen,AG Translate,100000,Leak
caejcfciegnnnepdhaopdogngbmojodl,Kimi Explorer,100000,Leak
condlopdddofpgcdjfnoepbdkcgckmgb,Translator,100000,Leak
dakkielolpafjbgnjnakddabmbbkcioe,AegisWeb3,100000,Leak
dghkhbmpagbapkadlehcicngkldfieln,Google Meet Extension,100000,Leak
eanofdhdfbcalhflpbdipkjjkoimeeod,Rewards Search Automator,100000,Leak
hajphibbdloomfdkeoejchiikjggnaif,QuestionAI Homework Powered AI Assistant,100000,Leak
hilpchhlogijamlemmggobblmfcdkomg,Buscapé,100000,Leak
janmadmcipjiaoenfkimihamjfipgmee,Shein Coupon Finder,100000,Leak
kphldkppgfpjadpabfkghmjbhpcmgpdg,1688 Purchasing Assistant Plugin,100000,Leak
lopnbnfpjmgpbppclhclehhgafnifija,Google Translate - Side Panel,100000,Leak
odfonlkabodgbolnmmkdijkaeggofoop,Clearly Reader - Your AI Reading Assistant,100000,Leak
ohgkmilcibaoempgifldidkidnbkbeii,Movie maker MovieStudio video editor,100000,Leak
aedglnfjjccpifohekdeoogffomjcikm,Solvely.ai - AI Homework Helper,90000,Leak
dfmpaemifkgbnlgcccccnfjjkeiikeie,Audio editor & music editor AudioStudio,90000,Leak
ecpkhbhhpfjkkcedaejmpaabpdgcaegc,1688 AIBUY_ Official Global Sourcing AI Agent,80000,Leak
mhkejggchhilmabpicojddgaahkkgoln,FranceVerif - Sécurité en ligne,80000,Leak
npcbllnmpghkdjeaocappkiedkiljhgk,Android emulator MyAndroid,80000,Leak
dbjldigbjceebginhcnmjnigbocicokh,1688 search by image,70000,Leak
aahodnigalncogkhfolddkmkklijeoap,Gauth - AI Homework & Study Helper,60000,Leak
dnclkkkjlabdgfdjngdkaebpaahnohoo,Zoom,60000,Leak
gefiaaeadjbmhjndnhedfccdjjlgjhho,Enhanced Image Viewer,60000,Leak
gfkpklgmocbcbdabfellcnikamdaeajd,SimplyCodes - Verified Coupons + Cash Rewards,60000,Leak
hegneaniplmfjcmohoclabblbahcbjoe,Video Ad Blocker Plus for YouTube™,60000,Leak
iojpcjjdfhlcbgjnpngcmaojmlokmeii,Smart Adblocker,60000,Leak
kdfinbdncekfhibpbnkjedmdofkjghjj,Video editor OpenShot online,60000,Leak
molcibnmfbjmmfbefjfcafdeabfniobi,Cici_ your AI browser assistant.,60000,Leak
pmaonbjcobmgkemldgcedmpbmmncpbgi,Ubuntu free online linux server,60000,Leak
bcapjlfjbmaijdinncieppinamjgljog,Inkscape editor for draws and graphics,50000,Leak
bdomjcpneblellajjhgfdlnmjfofflop,LibreOffice Editor,50000,Leak
cdbccfkcpkmimlajcjpodelocoeifjhp,OceanHero_ Save Our Oceans with Every New Tab,50000,Leak
fcejkolobdcfbhhakbhajcflakmnhaff,Knowee AI (formerly StudyGPT) - Your Homework & Essay Helper,50000,Leak
flfhkellafphdlcigippmenebkodkina,OpenOffice Writer online for Word documents,50000,Leak
ggokfoffgmgmkckgeclppfpgfmddbdjg,Adblock Pro for Youtube™,50000,Leak
jjjpjmbnbdjhbkclajpagjkefefnednl,Super PiP - Picture-in-Picture with playback controls and subtitles,50000,Leak
neigoggljhfnodeneidndcflnclldnpm,שם זה זול יותר,50000,Leak
agleiimpggapjekcdhdjbmegjbbkleie,Ground News - Bias Checker,40000,Leak
bpdjlkbbhlnjlggpbofheohnomnibmmm,Document Editor for doc & docx,40000,Leak
dpjgafhldafgelgpilaghplfgecjojgp,Photo editor PhotoStudio for images,40000,Leak
dpphkcfmnbkdpmgneljgdhfnccnhmfig,Relingo - Master vocabulary while browsing websites and watching YouTube,40000,Leak
eemjhliengnnmjmbdjagekdddmkhanna,ima知识库,40000,Leak
mffappoadhfalhjgmfaoecjbdjfdfhdj,PDF editor PDFOffice to edit and create PDF,40000,Leak
ponokiofkijoolhebggofhhibnafebna,Felo Subtitles_ ChatGPT Live Translation,40000,Leak
begnkfeikebdelojdklgfkbhbeboilne,Alibaba Search by image,30000,Leak
bolplfmefepdhhakjbdggjmocjdkjkgb,PriceTiger,30000,Leak
cakgpagboibckijdpobichompgagpmnl,PriceTaco,30000,Leak
fobklglmhojpeijoioelpdaicagiepbf,LINE購物省錢助理 - 邊購物邊幫你輕鬆省錢！,30000,Leak
gnmngcgmijhkamopfhmnkgpebgjbpbja,DocsWork Editor for documents DOC & DOCX,30000,Leak
ifjafammaookpiajfbedmacfldaiamgg,BeeLine Reader,30000,Leak
lpaboeaccgehipchabmnialhaihbmhji,Video editor VideoStudio,30000,Leak
mjackmipnhegkhekpebhmnkhkaojdldn,BK Reviews,30000,Leak
pkhpcfoaocmmpmphhenoblggeinedlah,Dupe.com_ Find similar products for less,30000,Leak
aaiolimgbncdaldgbbjkidiijidchhjo,Shopper.com,20000,Leak
aclbkdnphcdelflmgjgmgbahlfngidma,Dropbox Dash for Business,20000,Leak
dojcmakgodofecjmdnncjkbhmddlmnpf,CapCut screen recorder,20000,Leak
egfkhocobmgeafdbjbphhfdfbmlobgdc,大学搜题酱插件,20000,Leak
ehoknmhmadiboejdbinglmbnlghnbldc,Phia_ Best Price in One Click,20000,Leak
fiffkcnehndkebmpinoknndjbhdpbkcn,OpenOffice Calc online for xls spreadsheets,20000,Leak
hgfgdlbnbccaphekmiblnlbocchmanpd,PPT slides editor,20000,Leak
hmpbiickdfmcdlcpjegamgnjjkaiackl,AliPrice Search by image for AE,20000,Leak
hnbdgfongnkfgnbpamndfiiedhapfecn,语雀浏览器插件,20000,Leak
imjfokfjjgpijjfgnodojafbkoonmmkh,芒果店长,20000,Leak
jlbpahgopcmomkgegpbmopfodolajhbl,ChatGPT for Chrome - GPT Search,20000,Leak
lmbnfoinlgcmombooibkgiihldajgnmk,Smart Nexus,20000,Leak
moeiianjbcjnomgomanjhilnlmfafpbj,Alva – AI Crypto Analyst_ Trading Assistant & Agents,20000,Leak
aiimlpjcnmhmbdlmkhloapmlookboonb,OnManzBien,10000,Leak
ailbhmoekhkkihagfmffpaahfpcjjiei,Apk Downloader manager for Android,10000,Leak
bnbpceglddpnehbopmdjegpfinikcaoh,Gem,10000,Leak
fbjdfhinnhahheghjajajniekpnghdfa,淘宝购物助手极速版,10000,Leak
gadbpecoinogdkljjbjffmiijpebooce,ChatGPT Assistant - GPT Search,10000,Leak
gghlgcihlfpfbibgaffggbmidpfejbbb,Alibaba search by image,10000,Leak
ghjakbehlhkjdiehaeffedomkakcenjo,Browse.live Web Safety,10000,Leak
hblfamjdifnhiioifbfamlnkjfenhfed,AI-Powered DealDazzle_ Searching Alternatives,10000,Leak
hchpnbmmbepldbfdgbjfigifhobbjcel,HTML editor WebStudio for Webpages,10000,Leak
ijfmjempkpegmlhcacclfckeimbfgabp,Powerlead - Find Any B2B Contact Info,10000,Leak
ijnodnmgpgmgaajhagolfiemmmamfcgb,UltraBlock - Privacy Protection & Adblock,10000,Leak
kfkcgdiimmaafjbljhbjejocjignnajn,CharityTree,10000,Leak
kmmpkhpajpecmpdmmbpjmkmcmfdahkcj,Price.com_ Save with Cash Back & Coupons,10000,Leak
nckcnmaeicmholjaolkfcodfpblenkfp,XlsWork XLS editor for spreadsheets,10000,Leak
njodldkbolbomneajeffdhedmnnplhpe,Coin Search - your daily rewards tool,10000,Leak
ocjlckkmllgdmmpiobopeblldmmhjpjk,tool4seller - Amazon Product Research,10000,Leak
bedebpfmdganddijhfbbaabedpmlokdk,Pinduoduo Search by Image,9000,Leak
dfphncdgnondpmbfimfciniiakegcmmj,Blexb - Alexa Rank Alternative,9000,Leak
gfjgjekaeebjccpnaeeeleeadfiledpm,Joom Pulse – Extensão para Google Chrome,9000,Leak
glmfkanjkeedalikadkjlmijemmiknce,Presentation editor PPTWork for PPT slides,9000,Leak
nmcpliniiebkbdehpgicgfcidgkpepep,Auto Clicker - AutoFill [BETA],9000,Leak
ehplfgnopmpflglfpldjdodaogebfgpe,Laika AI - All in One DefAI Crypto AI Copilot,8000,Leak
epljmdbeelhhkllonphikmilmofkfffb,AI Resume Builder - Supawork AI,8000,Leak
fghbfikeodjkbajmokiekipabfckcpgc,Free B2B Contact Info by AroundDeal,8000,Leak
gmfaoihlkhopieoibopcponemocgbloj,SaveDay - AI Bookmark Manager,8000,Leak
jcbjcocinigpbgfpnhlpagidbmlngnnn,Adblock for Browser,8000,Leak
banepeeclciljgfbpcjgnkfecnafnngg,Total Defense Traffic Light,7000,Leak
cpmbdnkbpaabapidllalnfopojfimbno,Top Best Extension,7000,Leak
dgafcidlgmbcehokgdeghmfnbpbfhihh,WhenX_ Mark Linkedin Profiles with notes,7000,Leak
efbmlkodbdhahiljghapjcbofehkhpie,Aliexpress search by image,7000,Leak
ppgndohgacfggdpbcdlgibdkdknimfmn,Linkedin Booster - Get more Likes on LinkedIn using Podawaa,7000,Leak
dfaldmjkfklnkenddjpikfkdnkinheke,DingDoc Flash Save,6000,Leak
eciaojnpihmgkbacgpjnimcpkfeklgag,Ask AI Browser,6000,Leak
jflkdlbjgfiifajbjeockfjhbnhlakfd,wikifx,6000,Leak
piemiihdhidiomfmilgencaeabplcgle,Web browser with anonymous access,6000,Leak
edkmbojkflfanganifkkajmldejmhlec,GoCashBack_ Deals_ Rebates_ Savings Extension,5000,Leak
eehllckaggechnoimeokmdgmljlmhkma,Pinterest Save - Pro,5000,Leak
fcnadghcijkmdhjdgiehgfpadojilfoa,Snip - Remove Web Elements,5000,Leak
haikmmmjkcejaalkjbfobneapigfmldp,CMeter,5000,Leak
jendpielmejekmmcccnnkgckhmjfpgep,Calligra online - office_ graphics & email,5000,Leak
kkakhdcmdocechjnnfhihpjkancfmnbf,Помощник OZON,5000,Leak
lfmobnhbpkejigiaeliemikgciidndak,XPaint image editor and painter,5000,Leak
lhjgfbdmhhdmjnnjeabjclblkecbldpd,Browse.live Ad Control,5000,Leak
mmfmakmndejojblgceefkpinojhiacfk,Brave web browser,5000,Leak
apenkcejfcelomfjdnmcokpihikjonmh,Safe Browser Parental Controls,4000,Leak
gcehgkmfmfdhglfpcigmcfpbgblhldga,URIRANK - Alexa Traffic Rank,4000,Leak
hpjloodfjfnoeekpikfdedoaiklofcgl,Podawaa - Get more Engagement on LinkedIn,4000,Leak
jhlofcbpianlpdpajgfphjnjahchjcei,Music Downloader Premium,4000,Leak
kgbmammdmhpmpjhlnelelcdmomlbidkd,Give Freely_ You Save_ We Give_ Charities Win,4000,Leak
mjebgmffggocefpegddahkcnpllfmaid,Desktop for Tiktok online,4000,Leak
cgmllohkcppmnkfpijpngkplpdbikhlf,Safe Surf,3000,Leak
fbdaigphodbigaofobmhdcfncjofaffp,LibreOffice Calc online,3000,Leak
fdcmomajekgiigcalflcbjbkemogcbaf,纳米AI助手,3000,Leak
jkeolmadidncndcbnajhaojepbolajag,Lunabot - ChatGPT on any webpages,3000,Leak
keagdhckgkgmlidkekabdngbknegkmoo,LibreOffice writer online,3000,Leak
mcfleopinjndfkoklekjcjcgefgenlhp,Platstack_ The Save button for the internet,3000,Leak
megchchilhekbbnfcklodmndefbhkbco,ShopSavvy,3000,Leak
pmfdkggpmpoebkjadpfpjpidllghlhgc,Incognito History,3000,Leak
ajgkdaibodfheidcpeifpdhaopjbpneo,Presto,2000,Leak
bbnemobkpbncbpklloncaljndkagjfeh,Grips – E-commerce Site Analysis,2000,Leak
gmdmkobghhnhmipbpplibkgekdfaacjp,Handbrake - video converter,2000,Leak
hclkdpaahnpfenlibcmjnajjccpkhoak,H-E-B Credit for Chrome,2000,Leak
helpjbehgodflkpbifaolbjmkjffmeop,Crossbeam Copilot for Chrome,2000,Leak
hopmhonnajbjjdkagglbfmffmdhocbmf,GoingMed,2000,Leak
ncpaocdidimfckjmhafkpghjpedlcocc,The search engine to improve your productivity - GoSearch,2000,Leak
nhhchicejoohhbnhjpaaoajhbbghhfgh,JustParty_ watch Netflix with friends,2000,Leak
njbgkalfmgkchikknmaimfjmfjpnbnpm,Style Cursor,2000,Leak
oaafdjbfibmpcgefpapknfjcnfdkkkkp,界图-图片批量下载,2000,Leak
pefighpbbfkgkmfmpfgaopoahdmkakll,Cmd J – ChatGPT for Chrome,2000,Leak
apeadjelacokohnkfclnhjlihklpclmp,EcoIndex.fr,1000,Leak
bbioibipebcopenpbhfceogfjknmjbpl,Dealfront Connect,1000,Leak
bdppohkefepkecfipofaabjkbfdahpdl,Economize! Mundo Conectado,1000,Leak
bgiapcpcleefnmmkhaakokfbjnjjjeap,百宝箱 AI 助手,1000,Leak
cebahajfamifimbgfnilhcdlgicajmln,COUPONS.DE - Nie wieder Gutscheine verpassen,1000,Leak
celjchjgliegnlalhjegfcaacphgdkij,Blocksi AI Web Filter,1000,Leak
coegijljhiejhdodjbnlglffjomlbgmi,HashDit,1000,Leak
dbkabjeliahdblphpbgljbngijgknjfj,First Touch,1000,Leak
dpmjncncaehmgjeficalpmlfaenmbeca,Surf Security,1000,Leak
eegoohfobcaegoeoakafgiljckfiajhl,CryptoGuard - by ChainGPT AI,1000,Leak
eeobggeikihkgiggaekfbceghlcpemfm,Caddi,1000,Leak
egbpmfgojjbonjpajgjjfokblneogjpj,Manchester United Wallpapers,1000,Leak
eimafbopadiepgmnmmjgmedblhlljlad,BuddyTixx - TTM Helper 4.3,1000,Leak
fgedkelakhbadclolkemkcffklcomhhb,Cookie Decliner,1000,Leak
gdmfedbicnoeiadmbagaofgnldjfgeab,Tokopedia Price Tracker,1000,Leak
gjphikebcceegfolnbfncepfmjnhdkam,UniPass,1000,Leak
gnikbpecjfkhcfammfdpbdpnchhmmbif,Shastic,1000,Leak
himipdblnokdafogmdlmajgokiopcbjk,Словарёк,1000,Leak
jbekkbijnljlblpgjjeocbapiojilnkl,LibreOffice Impress online,1000,Leak
jbhknkdnmmcipjcfjngiojllgbgolmao,Curriculum Genie,1000,Leak
jndboabnjeeeepiipnmjnpcbgjpffikm,Giftmio_ Instant Cashback for Online Shopping,1000,Leak
jobfmpppoaapbjmgbejgdfkigomnjihe,Download-TIME v2,1000,Leak
kkfobcljflnlpbemjicenfkfnplaggkk,WithEden AI - Emoji Comment App,1000,Leak
knjfhjecbebplkalmikclbkgkmaggkci,语鲸 - 插件,1000,Leak
lhfchkmkbdmahflnpmlhaeeigenkopko,LibreOffice Draw online,1000,Leak
mhpfiackdifhfjphkicjidjlnibkfgek,Ever Accountable For Chrome,1000,Leak
nmcaaogkocnplfcpbgcihflgedicinke,Video Downloader Professional Premium,1000,Leak
nnadblfkldnlfoojndefddknlhmibjme,ChatSider_Free ChatGPT Assistant(GPT4),1000,Leak
oeomioifmeadkjdifcijpkfifjifhhhn,UpGuard Cyber Security Ratings,1000,Leak
pmpbkcpplelpcphbapailejddbcebnmb,Antidote,1000,Leak
inpnfpglfklplkhnpggbomjdfjlnldhg,Clockk,855,Leak
khldaehdjgjlmoapbegbkbmfjefoiicc,Youtube Master,826,Leak
hapjgfmddaccebjfapmnaanildedikal,Extension Super CE,815,Leak
nbmlhoalmfhbhdpngmjkjdioahnglpbj,Kdenlive video editor,814,Leak
hgechpjoacihidaifilgojfcfcobobgd,全品-音视频下载,808,Leak
ibcakdkpkhodimbhgmegdobmnemabfaa,Dark Mode Toggle Per Site,808,Leak
pfdofiecodmjocjnofddngckpaemfhag,Yandex search by image,770,Leak
mfacfcabilnmjannppfjbjbecogdkpfc,Matchy,765,Leak
jneebhbmmdfchkjaiomfdeijjobepijh,1dasou.com - B2B Company & Contact Info,761,Leak
ppjnhpngeejgohhilojfilpindffcgdc,FlashInfo - Business Insights & Contacts,759,Leak
oodgchahlgjeakfgemoicnbcbhanemfn,Sanely_ cashback_ coupons_ promo codes_ discounts,716,Leak
bcphmaoebeamddbmdiajimehnjmageip,DealDazzle_AI Alternatives_ Brilliant Savings,654,Leak
kjockjfldkeagjfoaadjlahmakglagka,Email Finder - CUFinder,642,Leak
bphajaomlpngendonomppmgoilbohiof,G-Search - B2B Company & Contact Info,612,Leak
mhiopobccageclebpocgpppnfgoioico,Flowsi CRM para Instagram,607,Leak
ppilnepfjlpocjddldmkminleemekhfh,BunnyTix - POP Booker (2.6.1),575,Leak
fjojjcobgnidkgdjddcjkhckhppeghgg,telbee voice messaging,565,Leak
hhchahcbcjbpklbdpdapchiefjmnpcik,Kawasaki Ninja H2 Wallpapers,560,Leak
mallfdijfpnfhfcfancbnecanjnapiop,Mamma,546,Leak
pddpiopnmcfhgdegdbjbiidcldcclepd,Kallo_ Never miss a better price,538,Leak
eolegobhiehgdegahdefnebohcddgkhb,Ferrari F8 Live Wallpaper,530,Leak
bdmbfahncgochinclblmnaofgmihcmkb,Naruto and Pikachu Live Wallpaper 4K New Tab,518,Leak
cabfjddpaheijnpipjfijigikbnoengk,Cristiano Ronaldo Legendary Goal Celebration Live Wallpaper,500,Leak
cmdjbcgkegplekmggddogfmabibheakn,Undetectable YouTube AdBlocker Plus,462,Leak
kcijpmmfajideceadmcihckmodaiehpm,Collections,453,Leak
ddapglnlcfbgonhbgiolihpdbcejeedb,The Vendry Copilot – Venue & Vendor Tracking,443,Leak
pbkadhbnkinljhoilhicdhnehacpfebc,Origano - Surf and Earn,433,Leak
dpmojcbbjcoibehhihmcbeininnbpbid,Shotcut online video editor,414,Leak
ddpgbedkkfhopdodlekfjglofodoegog,藏趣云 - 书签同步阅读助手,410,Leak
nflnkbakbmolpccjpicmljnaclehelbi,Ford Mustang GT Live Wallpaper,406,Leak
meigbgdegmccdgmohajdmhlkgipanken,histre,404,Leak
pdmfmekkdddepehcblkiffennabldbpg,Şikayetvar,398,Leak
aejegnamgmjlmcokhchkifnfhmhimhoe,Hello Kitty Angel Live Wallpaper,377,Leak
obhcifaofgjiacflmajghcbbgjjhjafo,Intellens - Search Products by Image on AliExpress_ Amazon,370,Leak
nngjdplpkehilhcinpccdbkjaknkkifl,Newsit_ Hacker News and Reddit Links,367,Leak
kjndilccgkemibeimjdefmjkhfddobfk,Sherloq - Save_ Share & Simplify your queries,360,Leak
dhelhbdmdnhnkincggojfipaedcbleok,Link Publishers - Website Finder,357,Leak
jfglacfdockpdpbfodkipgcjplgnojel,Entropy Extension - Auto-Blur Your Screen,346,Leak
gcccfoehonbolcpaefopkboppjiaamkc,Parental Search - Keep your kids safe,337,Leak
ilkeadgdlbmabcdkgmiogcamcogbjoii,Volume Booster With Shortcuts,309,Leak
pncjaifcohammdehbfialcmlmiidjmob,Bot Ticket,308,Leak
fbipkhjooeibpeceigmiecdicjohfmjb,zave.it - Cashback & Rabatte,289,Leak
jgkkmcmcgjdmdjodhojkcgcoidaajphc,Studentenkorting NL - Ontvang kortingscodes,281,Leak
oclobnfedcdncflccolnlpebjphomjjd,Valentine’s Day_ A Romantic Glow Live Wallpaper,280,Leak
ecibndlcipgnmmlpkmdanljbghaockpd,NCT New Tab Extension Wallpapers 2024,274,Leak
cifonlmfhnimmghojdepepjdgbbminel,Kotone Shiomi Persona 3 Live Wallpaper,251,Leak
eegffimmjajfkmnfapnpiandnbjdjkif,EssayGet_ AI Writer_ Humanizer_ Rewrite Tool,245,Leak
haplmebpjakpcbiokgfpdkemhlndcpek,包阅网页阅读助手,241,Leak
mdfgkcdjgpgoeclhefnjgmollcckpedk,SHADE_ Stylishly Sustainable,238,Leak
jlaieagppfmkikkkfbgagdpkmidkmmhd,Sidenote,223,Leak
bdhomkmlcfplpamlpnimlmmgmnbmhamo,RewardsBunny,216,Leak
jhanhfphenjhghflpeldoiklkikkjbpb,Multigual Interpreter Extension,209,Leak
bbdpihagclfjiodkbebbheamdhifhcgl,YapThread - Record_ Bookmark_ AI Chat,204,Leak
dmniogfnhjfaembommeeamffneaobgcd,篆刻-文字识别,181,Leak
iljchidcebfmojndjdgophngchonnjnp,Alibaba search by image Beta,180,Leak
ccgdboldgdlngcgfdolahmiilojmfndl,PI Rank,179,Leak
ljfifjfjfeiieghmpidimlkblnjdomjh,Image Downloader Professional Premium,170,Leak
fepkmkdameafkbpknifgfhfmoogdcjck,Whatfix for Google,158,Leak
mjmpimbhbeeibeeeknmmdfancbicfonc,Lovalink_ Une bonne action sans changer ta navigation,152,Leak
kgjhhnlcfjcjpdmfdhmhabdjbfpicppg,wikibit,151,Leak
bfoaocblmcoandjlhldeljpmoccldicg,eKonomi,135,Leak
dnngcfoognibnkkngfcamgaibjjlkfdn,Quick History,125,Leak
cgcfmjofgjpfbhpgphafeingeflkbjjl,Forethink - Hyper-personalized AI Agent,119,Leak
eacddhhclhfopgdecadpdonpfemndaeo,AI Web Reactor,117,Leak
galjpoldmaegeoidpdmimmdkmememcnb,ZapIn - Automate Your LinkedIn Engagement,114,Leak
cicnfcokdjfnjepkialpbdlfadkhckph,Alternatives,112,Leak
icdofcdkdkfbilfnjonbfdmdeckahkfn,Autocoupon!,109,Leak
hogoebkpcnajkkjdidfhojkljppfalip,CrowdWise,108,Leak
hiiahmfpljemgmnhlaepofeldnnhphmi,CREATANT Bookmarking Tool,106,Leak
bhlmfakmgikajjenjhafifmdkkjchcli,Wakweli,105,Leak
djblghckgfcjfmhhhfnjbiakmmmcmigf,OffersLove Coupon Finder,105,Leak
jgdiindmamodckpmjgoimddpaeaapjpp,Point - AI Content Central,104,Leak
ihjgcmcigcghjoolblcdcgpkefcjoaji,옥션가격 추적기,96,Leak
ppbdjkgjcmmgddingckiidlakdmgbalo,AI Agent like Manus for Amazon shopping,96,Leak
aflgdgiaihhpkimnpjgeokkcpndllejm,BoostVocab,88,Leak
oojabgademjndedjpcnagfgiglcpolgd,Numici - annotate_ collaborate and synthesize,87,Leak
jlohfbdoibjbmbhahkdpcnhedogcjcbl,wwwhisp,86,Leak
hjepnlaapopkiedfendjaieefldndecd,Greenwich,64,Leak