Identifier,Name,Downloaded
nlhpidbjmmffhoogcennoiopekbiglbp,AI Assistant,50000,FakeAI
gcfianbpjcfkafpiadmheejkokcmdkjl,Llama,147,FakeAI
fppbiomdkfbhgjjdmojlogeceejinadg,Gemini AI Sidebar,80000,FakeAI
djhjckkfgancelbmgcamjimgphaphjdl,AI Sidebar,9000,FakeAI
llojfncgbabajmdglnkbhmiebiinohek,ChatGPT Sidebar,10000,FakeAI
gghdfkafnhfpaooiolhncejnlgglhkhe,AI Sidebar,50000,FakeAI
cgmmcoandmabammnhfnjcakdeejbfimn,Grok,261,FakeAI
phiphcloddhmndjbdedgfbglhpkjcffh,Asking Chat Gpt,396,FakeAI
pgfibniplgcnccdnkhblpmmlfodijppg,ChatGBT,1000,FakeAI
nkgbfengofophpmonladgaldioelckbe,Chat Bot GPT,426,FakeAI
gcdfailafdfjbailcdcbjmeginhncjkb,Grok Chatbot,225,FakeAI
ebmmjmakencgmgoijdfnbailknaaiffh,Chat With Gemini,760,FakeAI
baonbjckakcpgliaafcodddkoednpjgf,XAI,138,FakeAI
fdlagfnfaheppaigholhoojabfaapnhb,Google Gemini,7000,FakeAI
gnaekhndaddbimfllbgmecjijbbfpabc,Ask Gemini,1000,FakeAI
hgnjolbjpjmhepcbjgeeallnamkjnfgi,AI Letter Generator,129,FakeAI
lodlcpnbppgipaimgbjgniokjcnpiiad,AI Message Generator,24,FakeAI
cmpmhhjahlioglkleiofbjodhhiejhei,AI Translator,194,FakeAI
bilfflcophfehljhpnklmcelkoiffapb,AI For Translation,91,FakeAI
cicjlpmjmimeoempffghfglndokjihhn,AI Cover Letter Generator,27,FakeAI
ckneindgfbjnbbiggcmnjeofelhflhaj,AI Image Generator Chat GPT,249,FakeAI
dbclhjpifdfkofnmjfpheiondafpkoed,Ai Wallpaper Generator,289,FakeAI
ecikmpoikkcelnakpgaeplcjoickgacj,Ai Picture Generator,813,FakeAI
kepibgehhljlecgaeihhnmibnmikbnga,DeepSeek Download,275,FakeAI
ckicoadchmmndbakbokhapncehanaeni,AI Email Writer,64,FakeAI
fnjinbdmidgjkpmlihcginjipjaoapol,Email Generator AI,881,FakeAI
gohgeedemmaohocbaccllpkabadoogpl,DeepSeek Chat,1000,FakeAI
flnecpdpbhdblkpnegekobahlijbmfok,ChatGPT Picture Generator,251,FakeAI
acaeafediijmccnjlokgcdiojiljfpbe,ChatGPT Translate,30000,FakeAI
kblengdlefjpjkekanpoidgoghdngdgl,AI GPT,20000,FakeAI
idhknpoceajhnjokpnbicildeoligdgh,ChatGPT Translation,1000,FakeAI
fpmkabpaklbhbhegegapfkenkmpipick,Chat GPT for Gmail,1000,FakeAI